{
  "medium/low": {
    "n": 31,
    "en": 0.8185483870967742,
    "mt": 0.8145161290322581,
    "cot_len": 387.38709677419354
  },
  "subtle/high": {
    "n": 16,
    "en": 0.796875,
    "mt": 0.8046875,
    "cot_len": 28656.6875
  }
}